{
  "companyName" : "I Scream Inc.",
  "headOffice" : "South Pole, Antarctica",
  "established" : 2001,
  "active" : true,
  "topFlavors" : [
    {
      "name" : "Monstrous Mint",
      "calories" : 400,
      "type" : "ice cream",
      "ingredients" : [
        "peppermint cream",
        "dark chocolate chips",
        "vanilla extract"
      ],
      "image" : "chocolate-mint.svg"
    },
    {
      "name" : "Perfect Peach Mango",
      "calories" : 350,
      "type" : "sorbet",
      "ingredients" : [
        "peach purée",
        "mango chunks",
        "clover honey"
      ],
      "image" : "peach-mango.svg"
    }
  ]
}